Type,Name,Request Count,Failure Count,Median Response Time,Average Response Time,Min Response Time,Max Response Time,Average Content Size,Requests/s,Failures/s,50%,66%,75%,80%,90%,95%,98%,99%,99.9%,99.99%,100%
POST,short,4,0,29000,35758.23892500193,15862.999800010584,55842.68629999133,693.5,0.07035293491602825,0.0,42000,42000,56000,56000,56000,56000,56000,56000,56000,56000,56000
,Aggregated,4,0,29000,35758.23892500193,15862.999800010584,55842.68629999133,693.5,0.07035293491602825,0.0,42000,42000,56000,56000,56000,56000,56000,56000,56000,56000,56000
