Type,Name,Request Count,Failure Count,Median Response Time,Average Response Time,Min Response Time,Max Response Time,Average Content Size,Requests/s,Failures/s,50%,66%,75%,80%,90%,95%,98%,99%,99.9%,99.99%,100%
POST,long-rag,1,0,36644.187600002624,36644.187600002624,36644.187600002624,36644.187600002624,1097.0,0.019788875083707386,0.0,37000,37000,37000,37000,37000,37000,37000,37000,37000,37000,37000
POST,short,1,0,50531.30989999045,50531.30989999045,50531.30989999045,50531.30989999045,714.0,0.019788875083707386,0.0,51000,51000,51000,51000,51000,51000,51000,51000,51000,51000,51000
,Aggregated,2,0,37000,43587.748749996535,36644.187600002624,50531.30989999045,905.5,0.03957775016741477,0.0,51000,51000,51000,51000,51000,51000,51000,51000,51000,51000,51000
